pair,direction,entry,stop,target,planned_rr,realized_R,bars_held,exit_reason
EUR/USD,long,1.13142,1.1301403258811578,1.13815,5.259151451846387,-1.0,6,stop
EUR/USD,long,1.13156,1.1287717473116903,1.13815,2.3634873652700685,2.3634873652700685,16,target
EUR/USD,long,1.17576,1.1748068283056001,1.17965,4.081111538304433,-1.0,21,stop
EUR/USD,long,1.17472,1.1745818715516672,1.17889,30.1892915639803,-1.0,2,stop
EUR/USD,long,1.18627,1.185275898208671,1.19271,6.478209833412897,-1.0,7,stop
EUR/USD,short,1.13963,1.1400558854161715,1.13336,14.722269798206664,-1.0,1,stop
EUR/USD,short,1.14006,1.1418100087682324,1.13609,2.2685600621362636,-1.0,1,stop
EUR/USD,short,1.14257,1.1435438144782415,1.13915,3.5119625723537067,-1.0,4,stop
EUR/USD,short,1.14378,1.144790699034851,1.14068,3.0671840905209704,-1.0,42,stop
EUR/USD,short,1.13925,1.1409366738434374,1.13542,2.270741326132546,-1.0,12,stop
GBP/USD,long,1.3346,1.3325845686580826,1.34025,2.8033701185894846,-1.0,8,stop
GBP/USD,long,1.32721,1.325783209712561,1.33592,6.104611221901483,6.104611221901483,13,target
GBP/USD,long,1.34715,1.3444032927143936,1.35929,4.419837550079408,-1.0,3,stop
GBP/USD,long,1.34931,1.3449054755602068,1.35929,2.265851883993321,2.265851883993321,95,target
GBP/USD,long,1.35593,1.3551580211475514,1.3621,7.992446917980551,-1.0,2,stop
GBP/USD,long,1.36292,1.3626309066407964,1.36818,18.194814348184575,-1.0,3,stop
GBP/USD,short,1.30911,1.311560832134038,1.304,2.085006120586796,-1.0,5,stop
GBP/USD,long,1.33029,1.3283924889576455,1.33835,4.247669615666077,4.247669615666077,21,target
GBP/USD,long,1.33758,1.3357224089766502,1.34436,3.649888438722944,3.649888438722944,21,target
GBP/USD,long,1.34648,1.3445852185880014,1.35347,3.689079888443393,-1.0,5,stop
GBP/USD,long,1.35062,1.3485420106560435,1.3568,2.974028725399315,-1.0,12,stop
GBP/USD,long,1.3434,1.3420103220559845,1.3493,4.2455879978580136,-1.0,3,stop
GBP/USD,long,1.3638,1.3608337422036025,1.37135,2.545294616391716,-1.0,10,stop
GBP/USD,long,1.35175,1.3513738325716642,1.35498,8.586602019983335,-1.0,18,stop
USD/JPY,long,156.27426,156.06101943849418,156.73214,2.1472462685646523,-1.0,1,stop
USD/CHF,short,0.79614002,0.7979551559026902,0.79190999,2.3304205452223403,-1.0,8,stop
USD/CHF,short,0.79623002,0.7980458350149131,0.79190999,2.3791134914735332,-1.0,7,stop
USD/CHF,short,0.79648,0.7987084617095965,0.79190999,2.0507464769620656,-1.0,8,stop
USD/CHF,short,0.80137002,0.8041710269158974,0.79462999,2.4062882393279343,2.4062882393279343,35,target
USD/CHF,short,0.77695,0.7770472992172782,0.7739,31.346603655399072,-1.0,1,stop
USD/CHF,short,0.77751,0.779159635612219,0.7739,2.1883620681200435,2.1883620681200435,66,target
USD/CHF,short,0.77055,0.7736559265603609,0.76312,2.3922007992154772,-1.0,135,stop
AUD/USD,long,0.65044034,0.6492042067400309,0.65363753,2.5864444421470054,-1.0,4,stop
AUD/USD,long,0.69768,0.6962521013449632,0.70425,4.601166880313939,-1.0,9,stop
AUD/USD,long,0.69733,0.6952094524842369,0.70425,3.2633081544083673,-1.0,4,stop
AUD/USD,long,0.70601,0.7044093029373946,0.71129,3.2985629344541154,-1.0,13,stop
AUD/USD,long,0.70666,0.7043955387977768,0.71129,2.0446364881211236,2.0446364881211236,14,target
AUD/USD,long,0.71062,0.7100473525038432,0.71335,4.7673307197215085,-1.0,1,stop
AUD/USD,long,0.70302,0.7027754975711926,0.70888,23.967042080457322,-1.0,1,stop
AUD/USD,long,0.70844,0.7066290112779193,0.71862,5.6212387608379775,-1.0,3,stop
AUD/USD,long,0.71644,0.7158571580840926,0.72051,6.983025566484144,-1.0,4,stop
AUD/USD,long,0.7164,0.7152758773910743,0.72051,3.6561848034778097,-1.0,32,stop
USD/CAD,short,1.3697,1.3715307417516558,1.363,3.65971879646045,-1.0,3,stop
USD/CAD,short,1.3699,1.3715336247171896,1.363,4.223736288631609,4.223736288631609,49,target
USD/CAD,short,1.36469,1.3702581599987775,1.3535,2.009640528012245,-1.0,8,stop
USD/CAD,long,1.40179,1.4015088992485516,1.408,22.09172322734862,-1.0,2,stop
USD/CAD,long,1.40299,1.3988958867934556,1.414,2.6892270546892982,-1.0,49,stop
USD/CAD,short,1.37119,1.3733431613481988,1.36432,3.190657312210583,-1.0,12,stop
USD/CAD,short,1.37242,1.373395555178574,1.36432,8.302964484121171,-1.0,1,stop
USD/CAD,short,1.37333,1.3733942069039653,1.36432,140.3275885232089,-1.0,1,stop
USD/CAD,short,1.36046,1.3629207876042193,1.34824,4.965889774089926,-1.0,6,stop
USD/CAD,short,1.36039,1.3641090961025386,1.35052,2.653870652404726,-1.0,37,stop
USD/CAD,short,1.36378,1.3645475088643435,1.36035,4.469003759238514,-1.0,7,stop
USD/CAD,long,1.40975,1.4082197187918675,1.41292,2.071514688380879,-1.0,7,stop
NZD/USD,long,0.60382825,0.6034524581905027,0.60668564,7.603651617163087,-1.0,1,stop
NZD/USD,short,0.5737564,0.5760829793421199,0.5684725,2.2711024310847425,-1.0,94,stop
NZD/USD,short,0.57474566,0.5755235361936402,0.57267213,2.665629848237035,-1.0,5,stop
NZD/USD,long,0.60072,0.5987764302600622,0.6093,4.414557308488686,-1.0,67,stop
NZD/USD,long,0.6037,0.603420522627204,0.60726,12.738061634058353,-1.0,1,stop
NZD/USD,long,0.60379,0.6033567537488529,0.60525,3.369907982202022,-1.0,4,stop
NZD/USD,long,0.60347,0.6025386421263665,0.60625,2.9848891373567072,-1.0,6,stop
NZD/USD,long,0.6037,0.6027530476371412,0.60625,2.6928492921245004,-1.0,3,stop
NZD/USD,long,0.59296,0.5906692528314953,0.59898,2.627963523329108,-1.0,28,stop
NZD/USD,short,0.58303,0.5846432546784204,0.5797,2.064150220385993,2.064150220385993,18,target
NZD/USD,short,0.5695,0.5703804275840798,0.56771,2.033103042620838,-1.0,4,stop
EUR/JPY,long,166.334,166.2077583662327,167.612,10.123443129353367,10.123443129353367,26,target
EUR/JPY,long,170.838,170.58422999563535,172.386,6.100011716813055,6.100011716813055,89,target
EUR/JPY,long,180.351,179.61403485752658,182.0059967,2.2456919664415227,2.2456919664415227,272,target
EUR/JPY,long,183.68693,183.52982207395596,184.9119,7.7969968215141385,-1.0,41,stop
EUR/JPY,long,184.12027,184.10200484654428,185.57225,79.49454153337722,-1.0,1,stop
EUR/JPY,long,184.16436,183.79600346462237,185.57225,3.8220850311688754,-1.0,5,stop
EUR/JPY,long,183.82324,183.78623433825166,185.57225,47.26330829845315,-1.0,1,stop
EUR/JPY,long,183.99477,183.3924752682904,185.57225,2.6191163843031253,2.6191163843031253,61,target
EUR/JPY,long,184.9555,184.56889947641451,185.94477,2.5588946202791574,-1.0,17,stop
EUR/JPY,long,184.83247,184.28205814826612,185.94477,2.02085038048524,-1.0,13,stop
GBP/JPY,long,205.83867,205.2581162200662,207.21807,2.376007266987868,2.376007266987868,38,target
GBP/JPY,long,206.50139,206.26736890208667,207.3656,3.692872171380621,3.692872171380621,31,target
GBP/JPY,long,211.31744,211.2603368684342,212.15138,14.604102737148184,-1.0,1,stop
GBP/JPY,long,212.28375,211.92903865561507,214.2839,5.638810350056007,-1.0,5,stop
GBP/JPY,long,211.92283,211.92134450921364,214.2839,1589.4208309278238,-1.0,1,stop
GBP/JPY,long,211.9576,211.45898231367408,214.2839,4.665498364370802,-1.0,6,stop
GBP/JPY,long,211.90376,211.45400902744947,214.2839,5.292128633991022,-1.0,2,stop
GBP/JPY,long,213.25581,212.87255594459302,214.44051,3.0911610282687114,-1.0,24,stop
AUD/JPY,long,105.89326,105.51728419660553,106.74297,2.260012459122269,-1.0,90,stop
AUD/JPY,long,107.35703,107.21819073186134,109.0032,11.856660021832191,-1.0,8,stop
AUD/JPY,long,106.78271,105.99179053364296,109.0032,2.807479262367318,2.807479262367318,178,target
AUD/JPY,long,108.6352,108.54426733686174,110.18719,17.067464499969997,17.067464499969997,15,target
AUD/JPY,long,110.81656,110.74683161574042,111.27799,6.6175346653989555,-1.0,7,stop
NZD/JPY,short,85.893,86.04353216987671,85.358,3.554057584090959,-1.0,12,stop
NZD/JPY,short,85.982,86.06000683005931,85.358,7.9992995424319595,-1.0,5,stop
NZD/JPY,long,93.06014,92.87679234112537,93.89074,4.530191468481767,4.530191468481767,21,target
NZD/JPY,long,93.41742,93.4106342460999,94.60865,175.54865937324126,-1.0,1,stop
NZD/JPY,long,93.50353,93.41982077852492,94.60865,13.201890789643182,13.201890789643182,13,target
NZD/JPY,long,93.96453,93.8821030991785,94.86,10.86380770204092,-1.0,2,stop
NZD/JPY,long,93.29217,93.14003069505053,94.10326,5.331232453502953,-1.0,14,stop
